{
	"info": {
		"_postman_id": "b7f036bb-9461-4045-8d5c-d5d36480a084",
		"name": "Fujitsu",
		"schema": "https://schema.getpostman.com/json/collection/v2.1.0/collection.json"
	},
	"item": [
		{
			"name": "Employees",
			"protocolProfileBehavior": {
				"disableBodyPruning": true
			},
			"request": {
				"method": "GET",
				"header": [],
				"body": {
					"mode": "raw",
					"raw": " {\r\n        \"emp_id\": 554,\r\n        \"first_name\": \"as\",\r\n        \"last_name\": \"G\",\r\n        \"gender\": \"M\",\r\n        \"dob\": \"2020-12-11\",\r\n        \"pan_num\": null,\r\n        \"aadhaar_num\": \"23142345234\",\r\n        \"mobile_num\": \"09677009714\",\r\n        \"email_id\": \"shivaan.sdf@gmail.com\",\r\n        \"office_mail\": \"shivaan.sdf@gmail.com\",\r\n        \"permanent_address\": \"Flat 1A, Block 2, Ramaniyam Rhythmm Apartments\",\r\n        \"present_address\": \"33,Thalambur Road,Navalur\",\r\n        \"blood_group\": \"A+ve\",\r\n        \"profile_pict\": null,\r\n        \"doj\": \"2020-12-04\",\r\n        \"emp_level\": 1,\r\n        \"post_name\": \"dfsdf\",\r\n        \"basic_pay\": 21312312,\r\n        \"house_allowance\": 123123\r\n    }",
					"options": {
						"raw": {
							"language": "json"
						}
					}
				},
				"url": {
					"raw": "http://localhost:8086/employees",
					"protocol": "http",
					"host": [
						"localhost"
					],
					"port": "8086",
					"path": [
						"employees"
					]
				}
			},
			"response": []
		},
		{
			"name": "Employee",
			"protocolProfileBehavior": {
				"disableBodyPruning": true
			},
			"request": {
				"method": "GET",
				"header": [],
				"body": {
					"mode": "raw",
					"raw": " {\r\n        \"emp_id\": 554,\r\n        \"first_name\": \"as\",\r\n        \"last_name\": \"G\",\r\n        \"gender\": \"M\",\r\n        \"dob\": \"2020-12-11\",\r\n        \"pan_num\": null,\r\n        \"aadhaar_num\": \"23142345234\",\r\n        \"mobile_num\": \"09677009714\",\r\n        \"email_id\": \"shivaan.sdf@gmail.com\",\r\n        \"office_mail\": \"shivaan.sdf@gmail.com\",\r\n        \"permanent_address\": \"Flat 1A, Block 2, Ramaniyam Rhythmm Apartments\",\r\n        \"present_address\": \"33,Thalambur Road,Navalur\",\r\n        \"blood_group\": \"A+ve\",\r\n        \"profile_pict\": null,\r\n        \"doj\": \"2020-12-04\",\r\n        \"emp_level\": 1,\r\n        \"post_name\": \"dfsdf\",\r\n        \"basic_pay\": 21312312,\r\n        \"house_allowance\": 123123\r\n    }",
					"options": {
						"raw": {
							"language": "json"
						}
					}
				},
				"url": {
					"raw": "http://localhost:8086/employee/2008",
					"protocol": "http",
					"host": [
						"localhost"
					],
					"port": "8086",
					"path": [
						"employee",
						"2008"
					]
				}
			},
			"response": []
		},
		{
			"name": "Employee",
			"request": {
				"method": "POST",
				"header": [],
				"body": {
					"mode": "raw",
					"raw": "{\r\n    \"first_name\": \"KiranKumar\",\r\n    \"last_name\": \"LG\",\r\n    \"gender\": \"M\",\r\n    \"dob\": \"1984-06-25\",\r\n    \"pan_num\": \"KKLOL8769P\",\r\n    \"aadhaar_num\": \"786548290987\",\r\n    \"mobile_num\": \"9874586905\",\r\n    \"email_id\": \"kirank@gmail.com\",\r\n    \"office_mail\": \"kirank@fujitsu.com\",\r\n    \"permanent_address\": \"OMR\",\r\n    \"present_address\": \"OMR\",\r\n    \"blood_group\": \"A-\",\r\n    \"profile_pict\": \"../../assets/profile_pict_1.png\",\r\n    \"doj\": \"2010-06-22\",\r\n    \"emp_level\": 8,\r\n    \"post_name\": \"Trainee\",\r\n    \"basic_pay\": 8000,\r\n    \"house_allowance\": 7500\r\n}",
					"options": {
						"raw": {
							"language": "json"
						}
					}
				},
				"url": {
					"raw": "http://localhost:8086/employee",
					"protocol": "http",
					"host": [
						"localhost"
					],
					"port": "8086",
					"path": [
						"employee"
					]
				}
			},
			"response": []
		},
		{
			"name": "Employee",
			"request": {
				"method": "PUT",
				"header": [],
				"body": {
					"mode": "raw",
					"raw": " {\r\n        \"emp_id\": 2007,\r\n        \"first_name\": \"Anu\",\r\n        \"last_name\": \"L\",\r\n        \"gender\": \"F\",\r\n        \"dob\": \"1988-06-22\",\r\n        \"pan_num\": \"BBHUK7897O\",\r\n        \"aadhaar_num\": \"456382901562\",\r\n        \"mobile_num\": \"8796543694\",\r\n        \"email_id\": \"anu@gmail.com\",\r\n        \"office_mail\": \"anu@fujitsu.com\",\r\n        \"permanent_address\": \"Guindy, Chennai\",\r\n        \"present_address\": \"Guindy, Chennai\",\r\n        \"blood_group\": \"A-\",\r\n        \"profile_pict\": \"../../assets/profile_pict_2.png\",\r\n        \"doj\": \"2019-05-14\",\r\n        \"emp_level\": 9,\r\n        \"post_name\": \"Application Developer\",\r\n        \"basic_pay\": 9000,\r\n        \"house_allowance\": 8000\r\n    }",
					"options": {
						"raw": {
							"language": "json"
						}
					}
				},
				"url": {
					"raw": "http://localhost:8086/employee",
					"protocol": "http",
					"host": [
						"localhost"
					],
					"port": "8086",
					"path": [
						"employee"
					]
				}
			},
			"response": []
		},
		{
			"name": "Employee",
			"request": {
				"method": "DELETE",
				"header": [],
				"url": {
					"raw": "http://localhost:8086/employee/2010",
					"protocol": "http",
					"host": [
						"localhost"
					],
					"port": "8086",
					"path": [
						"employee",
						"2010"
					]
				}
			},
			"response": []
		},
		{
			"name": "EmployeeFilter",
			"request": {
				"method": "GET",
				"header": [],
				"url": {
					"raw": "http://localhost:8086/employeefilter?empname=ish&gender=M",
					"protocol": "http",
					"host": [
						"localhost"
					],
					"port": "8086",
					"path": [
						"employeefilter"
					],
					"query": [
						{
							"key": "empname",
							"value": "ish"
						},
						{
							"key": "gender",
							"value": "M"
						}
					]
				}
			},
			"response": []
		},
		{
			"name": "EmployeeHistory",
			"request": {
				"method": "GET",
				"header": [],
				"url": {
					"raw": "http://localhost:8086/employeehistory/2007",
					"protocol": "http",
					"host": [
						"localhost"
					],
					"port": "8086",
					"path": [
						"employeehistory",
						"2007"
					]
				}
			},
			"response": []
		}
	]
}